编号,店铺,物料ID,启用,站点ID,平台ASIN/商品ID,平台SKU,物料名称,平台SKU属性,平台链接
4s6hem2mmm,temu-全托管-Neighbors house,fj-ymyz2t-000029,1,,,16288550541,浅绿色-【移苗种植两件套】-移苗器-铁原木-两件套,,
4s6eqtk3a0,temu-全托管-Neighbors house,fj-7inlylztg-000043,1,,,26677803074,黑色-【7in露营轮子两个】-铁-带12cm长螺丝,,
4s6i3fblka,temu-全托管-Neighbors house,fj-hyzgjdzj-000011,1,,,4124376370,红色-【无杆高枝剪】带锯子-高枝剪-铁-24个1件,,
4s6hnflb0s,temu-全托管-Neighbors house,fj-4.0inxfcx-000004,1,,,4774829040,不锈钢色-【4.0in小方插销】-不锈钢-纸片包装1个装1箱120个带螺丝,,
4s60um2087,temu-全托管-Neighbors house,fj-7inlzj-000026,1,,,53216159591,黑色-【7in露营轮子一个带支架】-铁-带12cm长螺丝和卡簧,,
4s6nr1g9rf,temu-全托管-Neighbors house,fj-4m25cmgjpjg-000030,1,,,75962472610,红色-【高枝剪带4m杆】-高枝剪-铁和不锈钢-直径2.5cm拼接杆,,
4s6krqd8mu,temu-全托管-Neighbors house,fj-ymqydzw-000028,1,,,78016067002,浅绿色-【移苗种植播种三件套】-移苗器-铁塑料原木-三件套,,
4s5jdv00g2,temu-全托管-Neighbors house,fj-7inlylzsg-000042,1,,,81651883092,黑色-【7in露营轮子四个】-露营车轮子-铁-带12cm长螺丝,,
4s53u62svq,temu-全托管-Neighbors house,fj-43cmwltz-000027,1,,,99276690255,无漆铁色-【43cm套装炉子9配件】-炉子-铁-带9个配件含纸箱,,
dmvg480lmi,ozon-俄罗斯-自营-Тёплый дом-132678183,fj-9cmx9cmdrzspdx-000041,1,,,5594702590,白色-9cmx9cm【多肉装饰盆-大象】-白瓷-不含多肉,,
op8v5j26tt,ozon-俄罗斯-自营-Тёплый дом-132678183,fj-z35cmh8cm14in300x8cqhllt-000038,1,,,5512603134,黄色-直径35cm厚度8cm14in300x8充气黄轮胎-重铁-重量2.25kg,,
ogfntmvq5t,ozon-俄罗斯-自营-Тёплый дом-132678183,fj-30cmx26cmhwchl-000037,1,,,5473403535,灰色-30cm宽26cm高户外柴火炉-铁-带炭夹手套和烧烤网,,
81m26v3usa,ozon-俄罗斯-自营-Тёплый дом-132678183,fj-44cmx19cmyttc-000033,1,,,5486534809,灰色-44cmx19cm【圆头铁铲】-全钢-淬火不带木把,,
7ttoh6410g,ozon-俄罗斯-自营-Тёплый дом-132678183,fj-30cmx16cmtwzgq-000032,1,,,5577609675,蓝色-30cmx16cm铁网【蓝网摘果器】-铁-无杆带黄色垫子和卡箍,,
7pnkn05ulm,ozon-俄罗斯-自营-Тёплый дом-132678183,fj-9cmx9cmdrzwgzsp-000036,1,,,5594703000,白色-9cmx9cm【多肉装饰盆-狗】-白瓷-不含多肉,,
7lg3pvnc8a,ozon-俄罗斯-自营-Тёплый дом-132678183,fj-21cmdgngzyc-000034,1,,,5514899686,铁色-21cm多功能【园艺平铲】-钢-不带木把带5个铆钉,,
7fup0pfqd0,ozon-俄罗斯-自营-Тёплый дом-132678183,fj-31cmdgnggc-000035,1,,,5583999719,铁色-31cm【多功能刮铲】-锰钢-6个铆钉无木杆,,
75q5l8ab0v,ozon-俄罗斯-自营-Тёплый дом-132678183,fj-ymyz2t-000029,1,,,5647274301,浅绿色-【移苗种植两件套】-移苗器-铁原木-两件套,,
j0u95lc405,亚马逊-墨西哥-Neighbor's house-A1VOX5X8GAU17J - 丰境,fj-43cmwltz-000027,1,A1AM78C64UM0Y8,B0GCF5WLNT,7W-Z786-4U87,无漆铁色-【43cm套装炉子8配件】-炉子-铁-带8个配件,Amazon ASIN抓取配置同步,https://www.amazon.com.mx/dp/B0GCF5WLNT
j0un314dfn,亚马逊-加拿大-Neighbor's house-A1VOX5X8GAU17J - 丰境,fj-43cmwltz-000027,1,A2EUQ1WTGCTBG2,B0GCF5WLNT,7W-Z786-4U87,无漆铁色-【43cm套装炉子8配件】-炉子-铁-带8个配件,Amazon ASIN抓取配置同步,https://www.amazon.ca/dp/B0GCF5WLNT
j0ucb229at,亚马逊-美国-Neighbor's house-A1VOX5X8GAU17J - 丰境,fj-4m25cmgjpjg-000030,1,ATVPDKIKX0DER,B0FBGX7B3P,8L-BR55-VZLE,红色-【高枝剪带4m杆】-高枝剪-铁和不锈钢-直径2.5cm拼接杆,Amazon ASIN抓取配置同步,https://www.amazon.com/dp/B0FBGX7B3P
j0ubid6prs,亚马逊-美国-Neighbor's house-A1VOX5X8GAU17J - 丰境,fj-hyzgjdzj-000011,1,ATVPDKIKX0DER,B0F9TDCLFD,EM-HGOU-LRJZ,红色-【无杆高枝剪】带锯子-高枝剪-铁-24个1件,Amazon ASIN抓取配置同步,https://www.amazon.com/dp/B0F9TDCLFD
j0uqp2fc39,亚马逊-美国-Neighbor's house-A1VOX5X8GAU17J - 丰境,fj-53cmlbj-000008,1,ATVPDKIKX0DER,B0F98ZJW72,7U-FYQS-KTE4,红黑色-53cm【黑钢管篱笆剪】-铁-红色手柄1件40个,Amazon ASIN抓取配置同步,https://www.amazon.com/dp/B0F98ZJW72
j0uqdt8ec8,亚马逊-美国-Neighbor's house-A1VOX5X8GAU17J - 丰境,fj-82cmssdsxc-000009,1,ATVPDKIKX0DER,B0GTTFW5P3,0G-0D9E-T2V9,黄色-82cm【伸缩三段式黄雪铲】-雪铲-铝合金-塑料手柄最长82cm,Amazon ASIN抓取配置同步,https://www.amazon.com/dp/B0GTTFW5P3
j0t2v6bqk0,亚马逊-美国-Neighbor's house-A1VOX5X8GAU17J - 丰境,fj-ymyz2t-000029,1,ATVPDKIKX0DER,B0FTMP6TVQ,OE-TUGY-DOP0,浅绿色-【移苗种植两件套】-移苗器-铁原木-两件套,Amazon ASIN抓取配置同步,https://www.amazon.com/dp/B0FTMP6TVQ
j0t81rvuo3,亚马逊-美国-Neighbor's house-A1VOX5X8GAU17J - 丰境,fj-43cmwltz-000027,1,ATVPDKIKX0DER,B0GCF5WLNT,7W-Z786-4U87,无漆铁色-【43cm套装炉子8配件】-炉子-铁-带8个配件,Amazon ASIN抓取配置同步,https://www.amazon.com/dp/B0GCF5WLNT
